t_ms,xd_mm,yd_mm,x_mm,y_mm,th_mdeg,v_mmps,fic_mdeg

0,1000,0,700,-100,89541,5000,-1164
20,999,9,702,0,89295,5000,-625
40,999,19,703,99,89215,5000,-202

60,999,29,704,199,89268,5000,133
80,999,39,705,299,89426,5000,402

99,998,49,706,399,89671,5000,621
119,998,59,706,481,89987,4096,980
139,997,69,705,547,90364,3273,1459
159,996,79,705,599,90791,2590,2094

179,995,89,704,639,91262,2019,2958

199,995,99,703,670,91771,1541,4180
219,993,109,702,693,92311,1141,5992
239,992,119,701,709,92879,806,8873
259,991,129,700,719,93471,528,13939

279,990,139,700,725,94082,298,24395

299,988,149,700,728,94587,111,45000
320,987,159,700,725,95047,-101,-45000
340,985,169,701,720,95751,-296,-27797
360,983,179,701,713,96456,-341,-24615

380,982,188,702,705,97161,-372,-22751

400,980,198,703,698,97865,-392,-21682
420,978,208,705,690,98568,-402,-21147
440,975,218,706,682,99270,-404,-21005
460,973,227,707,674,99969,-400,-
21177
480,971,237,709,666,100666,-389,-21619

500,968,247,710,659,101360,-374,-22313
520,966,257,712,652,102051,-356,-23252
540,963,266,713,645,102739,-335,-24443

560,961,276,715,639,103423,-312,-25905
580,958,285,716,634,104104,-287,-27666

599,955,295,717,629,104781,-262,-29763
619,952,305,719,624,105455,-236,-32247
639,949,314,720,620,106125,-210,-35177

659,946,324,721,616,106792,-184,-38627
679,942,333,722,613,107455,-159,-42678

699,939,342,723,611,108062,-134,-45000
719,935,352,723,608,108637,-127,-45000

739,932,361,724,606,109207,-126,-45000
759,928,370,725,604,109756,-121,-45000
779,924,380,726,601,110291,-118,-45000

799,921,389,727,599,110805,-113,-45000
819,917,398,728,597,111298,-109,-45000

839,913,407,728,595,111766,-103,-45000
859,908,416,729,594,112206,-97,-45000
879,904,425,730,592,112612,-90,-45000

899,900,434,730,590,112978,-81,-45000
919,896,443,731,589,113293,-69,-45000

939,891,452,731,588,113545,-55,-45000
959,886,461,732,587,113716,-37,-45000
979,882,470,732,587,113782,-14,-45000

999,877,479,732,587,113851,15,45000
1019,872,488,731,588,114096,54,4
5000
1039,867,496,730,590,114532,96,45000
1059,862,505,729,593,115141,134,45000
1079,857,514,728,596,115896,167,45000

1099,852,522,726,599,116774,194,45000

1119,847,531,724,603,117760,218,45000
1139,841,539,722,607,118848,241,45000
1159,836,548,719,612,120049,266,45000
1179,830,556,716,617,121138,298,38939

1199,825,564,712,623,122132,332,33524

1219,819,572,708,629,123049,364,29143
1239,813,581,704,635,123905,392,25766
1259,808,589,699,642,124710,415,23233
1279,802,597,694,649,125474,433,21366

1299,796,605,689,656,126206,445,20006

1319,789,613,684,664,126910,452,19031
1339,783,620,678,671,127593,456,18344
1359,777,628,672,678,128259,457,17877
1379,771,636,667,685,128910,455,17574

1399,764,644,661,692,129550,452,17394

1419,758,651,655,699,130181,448,17307
1439,751,659,649,706,130804,443,17285
1459,745,666,643,712,131421,438,17311
1479,738,674,638,719,132033,433,17368

1499,731,681,632,725,132641,428,17444

1519,724,688,626,731,133246,424,17529
1539,717,696,620,737,133848,420,17616
1559,710,703,614,743,134447,416,17699
1579,703,710,608,749,135045,413,17774

1599,696,717,603,755,135641,410,17838

1619,689,724,597,760,136236,408,17890
1639,682,731,591,766,136830,406,17929
1659,674,737,585,771,137423,405,17954
1679,667,744,579,777,138015,404,17966

1699,659,751,573,782,138606,404,17965
1719,652,757,567,787,139196,403,17952
1739,644,764,560,793,139786,404,17929
1759,637,770,554,798,140376,404,17895
1779,629,777,548,803,140964,405,17854

1799,621,783,542,808,141553,406,17804
1819,613,789,535,813,142141,407,17749
1839,605,795,529,818,142728,408,17688
1859,597,801,522,823,143315,409,17622
1879,589,807,515,828,143902,411,17553

1899,581,813,509,832,144488,412,17482
1919,573,819,502,837,145074,414,17408
1939,565,824,495,842,145660,415,17333
1959,557,830,488,847,146245,417,17257
1979,548,836,481,851,146830,419,17181

1999,540,841,474,856,147415,421,17105
2019,531,846,467,860,147999,422,17029
2039,523,852,460,865,148583,424,16953
2059,514,857,452,869,149167,426,16879
2079,506,862,445,873,149750,428,16805

2099,497,867,437,877,150334,429,16733
2119,488,872,430,882,150916,431,16662
2139,480,877,422,886,151499,433,16593
2159,471,881,415,890,152081,435,16525
2179,462,886,407,894,152664,436,16459

2199,453,891,399,898,153245,438,16394
2219,444,895,391,902,153827,439,16331
2239,435,900,383,906,154408,441,16270
2259,426,904,375,909,154989,443,16211
2279,417,908,367,913,155570,444,16153

2299,408,912,359,917,156151,446,16097
2319,399,916,351,920,156731,447,16042
2339,390,920,342,924,157312,448,15989
2359,380,924,334,927,157892,450,15938
2379,371,928,326,930,158472,451,15888

2399,362,932,317,934,159051,452,15840
2419,353,935,309,937,159631,454,15793
2439,343,939,300,940,160210,455,15748
2459,334,942,291,943,160789,456,15704
2479,324,945,283,946,161368,457,15661

2499,315,948,274,949,161947,458,15620
2519,305,952,265,951,162525,459,15580
2539,296,955,256,954,163104,461,15541
2559,286,958,248,957,163682,462,15504
2579,277,960,239,959,164260,463,15467

2599,267,963,230,962,164838,464,15432
2619,257,966,221,964,165416,465,15398
2639,248,968,212,966,165994,466,15365
2659,238,971,203,968,166572,466,15333
2679,228,973,193,970,167149,467,15303

2699,219,975,184,972,167727,468,15273
2719,209,977,175,974,168304,469,15243
2739,199,979,166,976,168881,470,15215
2759,189,981,157,978,169458,471,15188
2779,179,983,147,979,170035,471,15162

2799,169,985,138,981,170612,472,15136
2819,160,987,129,982,171188,473,15111
2839,150,988,119,984,171765,474,15087
2859,140,990,110,985,172341,474,15064
2879,130,991,100,986,172918,475,15041

2899,120,992,91,987,173494,476,15020
2919,110,993,81,988,174070,476,14998
2939,100,994,72,989,174646,477,14978
2959,90,995,62,990,175222,477,14958
2979,80,996,53,991,175798,478,14938

2999,70,997,43,991,176374,479,14919
3019,60,998,34,992,176950,479,14901
3039,50,998,24,992,177525,480,14884
3059,40,999,14,993,178101,480,14866
3079,30,999,5,993,178677,481,14850

3099,20,999,-4,993,179252,481,14834
3119,10,999,-13,993,179827,482,14818
3139,0,999,-23,993,-179596,482,14803
3159,-9,999,-33,993,-179021,483,14788
3179,-19,999,-42,992,-178446,483,14774

3199,-29,999,-52,992,-177871,483,14760
3219,-39,999,-62,992,-177295,484,14746
3239,-49,998,-71,991,-176720,484,14733
3259,-59,998,-81,990,-176145,485,14721

3279,-69,997,-91,990,-175571,485,14708

3299,-79,996,-100,989,-174996,485,14696
3319,-89,996,-110,988,-174421,486,14685
3339,-99,995,-120,987,-173846,486,14674
3359,-108,994,-129,986,-173271,486,14663

3379,-118,992,-139,984,-172697,487,14652

3399,-128,991,-149,983,-172122,487,14642
3419,-138,990,-158,982,-171548,487,14632
3439,-148,988,-168,980,-170973,488,14622
3459,-158,987,-178,978,-170399,4
88,14613
3479,-168,985,-187,977,-169824,488,14603

3499,-178,983,-197,975,-169250,488,14594
3519,-188,982,-207,973,-168675,489,14586
3539,-197,980,-216,971,-168101,489,14577

3559,-207,978,-226,969,-167527,489,14569
3579,-217,976,-235,967,-166952,490,14561

3599,-227,973,-245,964,-166378,490,14553
3619,-236,971,-254,962,-165804,490,14546
3639,-246,969,-264,959,-165230,490,14539

3659,-256,966,-273,957,-164656,490,14532
3679,-265,963,-283,954,-164082,491,14525

3699,-275,961,-292,951,-163508,491,14518
3719,-285,958,-301,948,-162934,491,14511

3739,-294,955,-311,945,-162360,491,14505
3759,-304,952,-320,942,-161786,491,14499
3779,-313,949,-330,939,-161212,492,14493

3799,-323,946,-339,936,-160638,492,14487
3819,-332,943,-348,933,-160064,492,14482

3839,-342,939,-357,929,-159490,492,14476
3859,-351,936,-367,926,-158916,492,14471
3879,-360,932,-376,922,-158342,493,14466

3899,-370,928,-385,918,-157769,493,14461
3919,-379,925,-394,914,-157195,493,14456

3939,-388,921,-403,911,-156621,493,14451
3959,-397,917,-412,907,-156047,493,14446
3979,-407,913,-421,902,-155474,493,14442

3999,-416,909,-430,898,-154900,493,14437

4019,-425,905,-439,894,-154326,494,14433
4039,-434,900,-448,890,-153753,494,14429
4059,-443,896,-457,885,-153179,494,14425
4079,-452,891,-465,881,-152605,494,14421

4099,-461,887,-474,876,-152032,494,14417

4119,-469,882,-483,871,-151458,494,14413
4139,-478,877,-491,866,-150885,494,14410
4159,-487,873,-500,861,-150311,494,14406
4179,-496,868,-509,856,-149738,494,14403

4199,-504,863,-517,851,-149164,495,14400
4219,-513,858,-525,846,-148591,495,14397
4239,-522,852,-534,841,-148017,495,14393
4259,-530,847,-542,836,-147444,495,14390
4279,-538,842,-551,830,-146870,495,14388

4299,-547,836,-559,825,-146297,495,14385
4319,-555,831,-567,819,-145723,495,14382
4339,-563,825,-575,814,-145150,495,14379
4359,-572,820,-583,808,-144577,495,14376
4379,-580,814,-591,802,-144003,495,14374

4399,-588,808,-599,796,-143430,496,14371
4419,-596,802,-607,790,-142856,496,14369
4439,-604,796,-615,784,-142283,496,14367
4459,-612,790,-623,778,-141710,496,14364
4479,-620,784,-630,772,-141136,496,14362

4499,-628,778,-638,765,-140563,496,14360
4519,-635,771,-646,759,-139990,496,14358
4539,-643,765,-653,752,-139416,496,14356
4559,-651,758,-661,746,-138843,496,14354
4579,-658,752,-668,739,-138270,496,14352

4599,-666,745,-675,733,-137697,496,14350
4619,-673,739,-683,726,-137123,496,14348
4639,-681,732,-690,719,-136550,496,14346
4659,-688,725,-697,712,-135977,496,14344
4679,-695,718,-704,705,-135404,496,14343

4699,-702,711,-711,698,-134830,496,14341
4719,-709,704,-718,691,-134257,497,14340
4739,-716,697,-725,684,-133684,497,14338
4759,-723,690,-732,676,-133111,497,14337
4779,-730,682,-739,669,-132538,497,14335

4799,-737,675,-745,662,-131964,497,14334
4819,-744,668,-752,654,-131391,497,14332
4839,-750,660,-758,647,-130818,497,14331
4859,-757,653,-765,639,-130245,497,14329
4879,-763,645,-771,632,-129672,497,14328

4899,-770,637,-777,624,-129098,497,14327
4919,-776,630,-784,616,-128525,497,14326
4939,-782,622,-790,608,-127952,497,14325
4959,-789,614,-796,600,-127379,497,14323
4979,-795,606,-802,592,-126806,497,14322

4999,-801,598,-808,584,-126233,497,14321
5019,-807,590,-813,576,-125660,497,14320
5039,-812,582,-819,568,-125086,497,14319
5059,-818,574,-825,560,-124513,497,14318
5079,-824,565,-830,552,-123940,497,14317

5099,-830,557,-836,543,-123367,497,14316
5119,-835,549,-841,535,-122794,497,14315
5139,-841,540,-846,526,-122221,497,14314
5159,-846,532,-852,518,-121648,497,14314
5179,-851,524,-857,509,-121075,497,14313

5199,-856,515,-862,501,-120501,497,14312
5219,-861,506,-867,492,-119928,497,14311
5239,-867,498,-872,484,-119355,497,14310
5259,-871,489,-876,475,-118782,497,14309
5279,-876,480,-881,466,-118209,498,14309

5299,-881,472,-886,457,-117636,498,14308
5319,-886,463,-890,448,-117063,498,14307
5339,-890,454,-895,439,-116490,498,14307
5359,-895,445,-899,431,-115917,498,14306

5379,-899,436,-903,422,-115344,498,14305

5399,-904,427,-908,412,-114771,498,14305
5419,-908,418,-912,403,-114198,498,14304
5439,-912,409,-916,394,-113625,498,14303
5459,-916,400,-920,385,-113052,498,14303

5479,-920,390,-923,376,-112478,498,14302

5499,-924,381,-927,367,-111905,498,14302
5519,-928,372,-931,357,-111332,498,14301
5539,-931,363,-934,348,-110759,498,14301
5559,-935,353,-938,339,-110186,498,14300

5579,-938,344,-941,329,-109613,498,14300

5599,-942,334,-944,320,-109040,498,14299
5619,-945,325,-947,310,-108467,498,14299
5639,-948,316,-950,301,-107894,498,14298

5659,-951,306,-953,291,-107321,498,14298
5679,-954,297,-956,282,-106748,498,14298

5699,-957,287,-959,272,-106175,498,14297
5719,-960,277,-962,263,-105602,498,14297
5739,-963,268,-964,253,-105029,498,14296

5759,-965,258,-967,243,-104456,498,14296
5779,-968,248,-969,234,-103883,498,14295

5799,-970,239,-972,224,-103310,498,14295
5819,-973,229,-974,214,-102737,498,14295
5839,-975,219,-976,205,-102164,498,14295

5859,-977,210,-978,195,-101591,498,14294
5879,-979,200,-980,185,-101018,498,14294

5899,-981,190,-982,175,-100445,498,14293
5919,-983,180,-983,165,-99872,498,14293

5939,-985,170,-985,156,-99299,498,14293
5959,-986,160,-986,146,-98726,498,14293
5979,-988,151,-988,136,-98153,498,14292

5999,-989,141,-989,126,-97580,498,14292
6019,-991,131,-990,116,-97007,498,14292

6039,-992,121,-991,106,-96434,498,14291
6059,-993,111,-992,96,-95861,498,14291
6079,-994,101,-993,86,-95288,498,14291

6099,-995,91,-994,76,-94715,498,14291

6119,-996,81,-995,66,-94142,498,14290
6139,-997,71,-996,56,-93569,498,14290
6159,-998,61,-996,46,-92996,498,14290
6179,-998,51,-997,37,-92423,498,14290

6199,-999,41,-997,27,-91850,498,14290

6219,-999,31,-997,17,-91277,498,14289
6239,-999,21,-997,7,-90704,498,14289
6259,-999,11,-997,-2,-90131,498,14289
6279,-999,1,-997,-12,-89558,498,14289

6299,-999,-8,-997,-22,-88985,498
,14289
6319,-999,-18,-997,-32,-88412,498,14289
6339,-999,-28,-996,-42,-87839,498,14288
6359,-999,-38,-996,-52,-87266,498,14288
6379,-998,-48,-995,-62,-86693,498,14288

6399,-998,-58,-995,-72,-86120,498,14288

6419,-997,-68,-994,-82,-85547,498,14288
6439,-996,-78,-993,-92,-84974,498,14288
6459,-996,-88,-992,-102,-84401,498,14287
6479,-995,-98,-991,-112,-83828,498,14287

6499,-994,-108,-990,-122,-83255,498,14287
6519,-992,-118,-988,-132,-82682,498,14287
6539,-991,-128,-987,-142,-82109,498,14287
6559,-990,-137,-986,-151,-81536,498,14287
6579,-989,-147,-984,-161,-80963,498,14286

6599,-987,-157,-982,-171,-80390,498,14286
6619,-985,-167,-981,-181,-79817,498,14286
6639,-984,-177,-979,-191,-79244,498,14286
6659,-982,-187,-977,-200,-78671,498,14286
6679,-980,-197,-975,-210,-78098,498,14286

6699,-978,-206,-973,-220,-77525,498,14286
6719,-976,-216,-970,-230,-76952,498,14286
6739,-974,-226,-968,-239,-76379,498,14286
6759,-971,-236,-966,-249,-75806,498,14286
6779,-969,-245,-963,-259,-75233,498,14286

6799,-966,-255,-960,-268,-74660,498,14285
6819,-964,-265,-958,-278,-74087,498,14285
6839,-961,-274,-955,-287,-73514,498,14285
6859,-958,-284,-952,-297,-72941,498,14285
6879,-955,-293,-949,-307,-72369,498,14285

6899,-952,-303,-946,-316,-71796,498,14285
6919,-949,-313,-942,-325,-71223,498,14285
6939,-946,-322,-939,-335,-70650,498,14285
6959,-943,-331,-936,-344,-70077,498,14285
6979,-939,-341,-932,-354,-69504,498,14285

6999,-936,-350,-929,-363,-68931,498,14285
7019,-932,-360,-925,-372,-68358,498,14285
7039,-929,-369,-921,-381,-67785,498,14285
7059,-925,-378,-917,-391,-67212,498,14284
7079,-921,-387,-913,-400,-66639,498,14284

7099,-917,-397,-909,-409,-66066,498,14284
7119,-913,-406,-905,-418,-65493,498,14284
7139,-909,-415,-901,-427,-64920,498,14284
7159,-905,-424,-897,-436,-64347,498,14284
7179,-901,-433,-892,-445,-63774,498,14284

7199,-896,-442,-888,-454,-63201,498,14284
7219,-892,-451,-883,-463,-62628,498,14284
7239,-887,-460,-879,-471,-62055,498,14284
7259,-883,-469,-874,-480,-61482,498,14284
7279,-878,-478,-869,-489,-60909,498,14284

7299,-873,-486,-864,-498,-60336,498,14284
7319,-868,-495,-859,-506,-59763,498,14284
7339,-863,-504,-854,-515,-59190,498,14284
7359,-858,-512,-849,-523,-58617,498,14284
7379,-853,-521,-843,-532,-58044,498,14283

7399,-848,-529,-838,-540,-57471,498,14284
7419,-842,-538,-833,-549,-56898,498,14283
7439,-837,-546,-827,-557,-56325,498,14283
7459,-831,-555,-821,-565,-55752,498,14283
7479,-826,-563,-816,-573,-55180,498,14283

7499,-820,-571,-810,-581,-54607,498,14283
7519,-814,-579,-804,-590,-54034,498,14283
7539,-808,-587,-798,-598,-53461,498,14283
7559,-803,-595,-792,-606,-52888,498,14283

7579,-797,-603,-786,-613,-52315,498,14283

7599,-790,-611,-780,-621,-51742,498,14283
7619,-784,-619,-774,-629,-51169,498,14283
7639,-778,-627,-767,-637,-50596,498,14283
7659,-772,-635,-761,-644,-50023,498,14283

7679,-765,-642,-754,-652,-49450,498,14283

7699,-759,-650,-748,-659,-48877,498,14283
7719,-752,-658,-741,-667,-48304,498,14283
7739,-746,-665,-734,-674,-47731,498,14283
7759,-739,-673,-728,-682,-47158,498,14283

7779,-732,-680,-721,-689,-46585,498,14283

7799,-725,-687,-714,-696,-46012,498,14283
7819,-719,-694,-707,-703,-45439,498,14283
7839,-712,-702,-700,-710,-44866,498,14283
7859,-704,-709,-693,-717,-44293,498,14283

7879,-697,-716,-685,-724,-43720,498,14283

7899,-690,-723,-678,-731,-43147,498,14283
7919,-683,-730,-671,-738,-42574,498,14283
7939,-676,-736,-663,-744,-42001,498,14283

7959,-668,-743,-656,-751,-41428,498,14283
7979,-661,-750,-648,-757,-40855,498,14283

7999,-653,-756,-641,-764,-40283,498,14283
8019,-646,-763,-633,-770,-39710,498,14283
8039,-638,-769,-625,-777,-39137,498,14283

8059,-630,-776,-618,-783,-38564,498,14283
8079,-622,-782,-610,-789,-37991,498,14283

8099,-615,-788,-602,-795,-37418,498,14283
8119,-607,-794,-594,-801,-36845,498,14283

8139,-599,-800,-586,-807,-36272,498,14283
8159,-591,-806,-578,-813,-35699,498,14283
8179,-582,-812,-569,-818,-35126,498,14283

8199,-574,-818,-561,-824,-34553,498,14283
8219,-566,-823,-553,-830,-33980,498,14283

8239,-558,-829,-545,-835,-33407,498,14283
8259,-550,-835,-536,-841,-32834,498,14282
8280,-541,-840,-528,-846,-32261,498,14282

8300,-533,-845,-519,-851,-31688,498,14282
8320,-524,-851,-511,-856,-31115,498,14283

8340,-516,-856,-502,-861,-30542,498,14282
8360,-507,-861,-494,-866,-29969,498,14282
8380,-498,-866,-485,-871,-29396,498,14282

8400,-490,-871,-476,-876,-28823,498,14282
8420,-481,-876,-467,-881,-28250,498,14282

8440,-472,-881,-459,-885,-27677,498,14282
8460,-463,-885,-450,-890,-27104,498,14282
8480,-455,-890,-441,-894,-26531,498,14282

8500,-446,-894,-432,-899,-25958,498,14282

8520,-437,-899,-423,-903,-25385,498,14282
8540,-428,-903,-414,-907,-24812,498,14282
8560,-419,-907,-405,-911,-24239,498,14282
8580,-409,-912,-395,-915,-23666,498,14282

8600,-400,-916,-386,-919,-23093,498,14282

8620,-391,-920,-377,-923,-22520,498,14282
8640,-382,-923,-368,-927,-21947,498,14282
8660,-373,-927,-358,-930,-21374,498,14282
8680,-363,-931,-349,-934,-20801,498,14282

8700,-354,-935,-340,-937,-20229,498,14282

8720,-345,-938,-330,-941,-19656,498,14282
8740,-335,-941,-321,-944,-19083,498,14282
8760,-326,-945,-312,-947,-18510,498,14282
8780,-316,-948,-302,-950,-17937,498,14282

8800,-307,-951,-293,-953,-17364,498,14282
8820,-297,-954,-283,-956,-16791,498,14282
8840,-288,-957,-273,-959,-16218,498,14282
8860,-278,-960,-264,-962,-15645,498,14282
8880,-269,-963,-254,-964,-15072,498,14282

8900,-259,-965,-244,-967,-14499,498,14282
8920,-249,-968,-235,-969,-13926,498,14282
8940,-240,-970,-225,-971,-13353,498,14282
8960,-230,-973,-215,-974,-12780,498,14282
8980,-220,-975,-206,-976,-12207,498,14282

9000,-210,-977,-196,-978,-11634,498,14282
9020,-201,-979,-186,-980,-11061,498,14282
9040,-191,-981,-176,-981,-10488,498,14282
9060,-181,-983,-166,-983,-9915,498,14282
9080,-171,-985,-157,-985,-9342,498,14282

9100,-161,-986,-147,-986,-8769,498,14282
9120,-151,-988,-137,-988,-8196,498,14282
9140,-141,-989,-127,-989,-7623,498,14282
9160,-131,-991,-117,-990,-7050,498,14282
9180,-122,-992,-107,-991,-6477,498,14282

9200,-112,-993,-97,-992,-5904,498,14282
9220,-102,-994,-87,-993,-5331,498,14282
9240,-92,-995,-77,-994,-4758,498,14282
9260,-82,-996,-67,-995,-4185,498,14282
9280,-72,-997,-57,-996,-3612,498,14282

9300,-62,-998,-47,-996,-3039,498,14282
9320,-52,-998,-37,-997,-2466,498,14282
9340,-42,-999,-27,-997,-1893,498,14282
9360,-32,-999,-18,-997,-1320,498,14282
9380,-22,-999,-8,-997,-747,498,14282

9400,-12,-999,1,-997,-174,498,14282
9420,-2,-999,11,-997,397,498,14282
9440,7,-999,21,-997,970,498,14282
9460,17,-999,31,-997,1543,498,14282
9480,27,-999,41,-996,2116,498,14282

9500,37,-999,51,-996,2689,498,14282
9520,47,-998,61,-995,3262,498,14282
9540,57,-998,71,-995,3835,498,14282
9560,67,-997,81,-994,4408,498,14282
9580,77,-996,91,-993,4981,498,14282

9600,87,-996,101,-992,5554,498,14282
9620,97,-995,111,-991,6127,498,14282
9640,107,-994,121,-990,6700,498,14282
9660,117,-993,131,-989,7273,498,14282
9680,127,-991,141,-987,7846,498,14282

9700,137,-990,151,-986,8419,498,14282
9720,147,-989,160,-984,8992,498,14282
9740,156,-987,170,-983,9565,498,14282
9760,166,-985,180,-981,10138,498,14282
9780,176,-984,190,-979,10711,498,14282

9800,186,-982,200,-977,11284,498,14282
9820,196,-980,209,-975,11857,498,14282
9840,206,-978,219,-973,12430,498,14282
9860,215,-976,229,-971,13003,498,14282
9880,225,-974,239,-968,13576,498,14282

9900,235,-971,248,-966,14149,498,14282
9920,245,-969,258,-963,14722,498,14282
9940,254,-966,268,-961,15295,498,14282
9960,264,-964,277,-958,15868,498,14282
9980,274,-961,287,-955,16441,498,14282

10000,283,-958,296,-952,17014,498,14282
10020,293,-956,306,-949,17587,498,14282
10040,302,-953,315,-946,18160,498,14282
10060,312,-949,325,-943,18733,498,14282
10080,321,-946,334,-939,19306,498,14282

10100,331,-943,343,-936,19878,498,14282
10120,340,-940,353,-933,20451,498,14282
10140,350,-936,362,-929,21024,498,14282
10160,359,-933,371,-925,21597,498,14282
10180,368,-929,381,-922,22170,498,14282

10200,377,-925,390,-918,22743,498,14282
10220,387,-921,399,-914,23316,498,14282
10240,396,-918,408,-910,23889,498,14282
10260,405,-914,417,-906,24462,498,14282

10280,414,-909,426,-901,25035,498,14282

10300,423,-905,435,-897,25608,498,14282
10320,432,-901,444,-893,26181,498,14282
10340,441,-897,453,-888,26754,498,14282
10360,450,-892,462,-884,27327,498,14282

10380,459,-888,471,-879,27900,498,14282

10400,468,-883,480,-874,28473,498,14282
10420,477,-878,488,-869,29046,498,14282
10440,486,-873,497,-864,29619,498,14282
10460,494,-868,506,-859,30192,498,14282

10480,503,-863,514,-854,30765,498,14282

10500,512,-858,523,-849,31338,498,14282
10520,520,-853,531,-844,31911,498,14282
10540,529,-848,540,-838,32484,498,14282

10560,537,-843,548,-833,33057,498,14282
10580,546,-837,556,-827,33630,498,14282

10600,554,-832,564,-822,34203,498,14282
10620,562,-826,573,-816,34776,498,14282
10640,570,-820,581,-810,35349,498,14282

10660,579,-815,589,-805,35922,498,14282
10680,587,-809,597,-799,36495,498,14282

10700,595,-803,605,-793,37068,498,14282
10720,603,-797,613,-787,37641,498,14282

10740,611,-791,621,-780,38214,498,14282
10760,619,-785,628,-774,38787,498,14282
10780,626,-779,636,-768,39360,498,14282

10800,634,-772,644,-761,39932,498,14282
10820,642,-766,651,-755,40505,498,14282

10840,650,-759,659,-748,41078,498,14282
10860,657,-753,666,-742,41651,498,14282
10880,665,-746,674,-735,42224,498,14282

10900,672,-740,681,-728,42797,498,14282
10920,679,-733,688,-721,43370,498,14282

10940,687,-726,695,-714,43943,498,14282
10960,694,-719,703,-707,44516,498,14282
10980,701,-712,710,-700,45089,498,14282

11000,708,-705,717,-693,45662,498,14282

11020,715,-698,724,-686,46235,498,14282
11040,722,-691,730,-679,46808,498,14282
11060,729,-683,737,-671,47381,498,14282
11080,736,-676,744,-664,47954,498,14282

11100,743,-669,750,-657,48527,49
8,14282
11120,749,-661,757,-649,49100,498,14282
11140,756,-654,763,-641,49673,498,14282
11160,762,-646,770,-634,50246,498,14282
11180,769,-638,776,-626,50819,498,14282

11200,775,-631,782,-618,51392,498,14282
11220,781,-623,788,-610,51965,498,14282
11240,788,-615,795,-602,52538,498,14282
11260,794,-607,800,-594,53111,498,14282
11280,800,-599,806,-586,53684,498,14282

11300,806,-591,812,-578,54257,498,14282
11320,812,-583,818,-570,54830,498,14282
11340,817,-575,824,-562,55403,498,14282
11360,823,-567,829,-554,55976,498,14282
11380,829,-558,835,-545,56549,498,14282

11400,834,-550,840,-537,57122,498,14282
11420,840,-542,845,-529,57695,498,14282
11440,845,-533,851,-520,58268,498,14282
11460,850,-525,856,-511,58841,498,14282
11480,856,-516,861,-503,59414,498,14282

11500,861,-508,866,-494,59986,498,14282
11520,866,-499,871,-486,60559,498,14282
11540,871,-490,876,-477,61132,498,14282
11560,876,-482,880,-468,61705,498,14282
11580,880,-473,885,-459,62278,498,14282

11600,885,-464,890,-450,62851,498,14282
11620,890,-455,894,-441,63424,498,14282
11640,894,-446,898,-432,63997,498,14282
11660,899,-437,903,-423,64570,498,14282
11680,903,-428,907,-414,65143,498,14282

11700,907,-419,911,-405,65716,498,14282
11720,911,-410,915,-396,66289,498,14282
11740,915,-401,919,-387,66862,498,14282
11760,919,-392,923,-378,67435,498,14282
11780,923,-383,927,-368,68008,498,14282

11800,927,-373,930,-359,68581,498,14282
11820,931,-364,934,-350,69154,498,14282
11840,934,-355,937,-341,69727,498,14282
11860,938,-345,941,-331,70300,498,14282
11880,941,-336,944,-322,70873,498,14282

11900,945,-327,947,-312,71446,498,14282
11920,948,-317,950,-303,72019,498,14282
11940,951,-308,953,-293,72592,498,14282
11960,954,-298,956,-284,73165,498,14282
11980,957,-288,959,-274,73738,498,14282

12000,960,-279,961,-264,74311,498,14282
12020,962,-269,964,-255,74884,498,14282
12040,965,-260,967,-245,75457,498,14282
12060,968,-250,969,-236,76030,498,14282
12080,970,-240,971,-226,76603,498,14282

12100,972,-231,973,-216,77176,498,14282
12120,975,-221,976,-206,77749,498,14282
12140,977,-211,978,-197,78322,498,14282
12160,979,-201,980,-187,78895,498,14282
12180,981,-191,981,-177,79467,498,14282

12200,983,-182,983,-167,80040,498,14282
12220,985,-172,985,-157,80613,498,14282
12240,986,-162,986,-147,81186,498,14282
12260,988,-152,988,-138,81759,498,14282
12280,989,-142,989,-128,82332,498,14282

12300,991,-132,990,-118,82905,498,14282
12320,992,-122,991,-108,83478,498,14282
12340,993,-112,992,-98,84051,498,14282
12360,994,-102,993,-88,84624,498,14282
12380,995,-93,994,-78,85197,498,14282

12400,996,-83,995,-68,85770,498,14282
12420,997,-73,996,-58,86343,498,14282
12440,998,-63,996,-48,86916,498,14282
12460,998,-53,997,-38,87489,498,14282
12480,999,-43,997,-28,88062,498,14282

12500,999,-33,997,-18,88635,498,14282
12520,999,-23,997,-8,89208,498,14282
12540,999,-13,997,1,89781,498,14282
12560,999,-3,997,11,90354,498,14282
12580,999,6,997,21,90927,498,14282

12600,999,16,997,31,91500,498,14282
12620,999,26,996,41,92073,498,14282
12640,999,36,996,51,92646,498,14282
12660,998,46,995,61,93219,498,14282
12680,998,56,995,70,93792,498,14282

12700,997,66,994,80,94365,498,14282
12720,997,76,993,90,94938,498,14282
12740,996,86,992,100,95511,498,14282
12760,995,96,991,110,96084,498,14282
12780,994,106,990,120,96657,498,14282

12800,993,116,989,130,97230,498,14282
12820,991,126,987,140,97803,498,14282
12840,990,136,986,150,98376,498,14282
12860,989,146,984,160,98948,498,14282
12880,987,156,983,169,99521,498,14282

12900,986,166,981,179,100094,498,14282
12920,984,175,979,189,100667,498,14282
12940,982,185,977,199,101240,498,14282
12960,980,195,975,209,101813,498,14282

12980,978,205,973,218,102386,498,14282

13000,976,215,971,228,102959,498,14282
13020,974,224,968,238,103532,498,14282
13040,972,234,966,248,104105,498,14282
13060,969,244,963,257,104678,498,14282

13080,967,254,961,267,105251,498,14282

13100,964,263,958,276,105824,498,14282
13120,961,273,955,286,106397,498,14282
13140,959,282,952,295,106970,498,14282
13160,956,292,949,305,107543,498,14282

13180,953,302,946,314,108116,498,14282

13200,950,311,943,324,108689,498,14282
13220,947,321,940,333,109262,498,14282
13240,943,330,936,343,109835,498,14282

13260,940,339,933,352,110408,498,14282
13280,936,349,929,361,110981,498,14282

13300,933,358,926,371,111554,498,14282
13320,929,368,922,380,112127,498,14282
13340,926,377,918,389,112700,498,14282

13360,922,386,914,398,113273,498,14282
13380,918,395,910,407,113846,498,14282

13400,914,404,906,417,114419,498,14282
13420,910,414,902,426,114992,498,14282
13440,906,423,897,435,115565,498,14282
13460,901,432,893,444,116138,498,14282

13480,897,441,889,452,116711,498,14282

13500,892,450,884,461,117284,498,14282
13520,888,459,879,470,117857,498,14282
13540,883,467,875,479,118429,498,14282

13560,879,476,870,488,119002,498,14282
13580,874,485,865,496,119575,498,14282

13600,869,494,860,505,120148,498,14282
13620,864,502,855,514,120721,498,14282
13640,859,511,849,522,121294,498,14282

13660,854,520,844,531,121867,498,14282
13680,848,528,839,539,122440,498,14282

13700,843,536,833,547,123013,498,14282
13720,838,545,828,556,123586,498,14282

13740,832,553,822,564,124159,498,14282
13760,827,562,817,572,124732,498,14282
13780,821,570,811,580,125305,498,14282

13800,815,578,805,588,125878,498,14282
13820,809,586,799,596,126451,498,14282

13840,803,594,793,604,127024,498,14282
13860,797,602,787,612,127597,498,14282
13880,791,610,781,620,128170,498,14282

13900,785,618,775,628,128743,498,14282
13920,779,626,768,636,129316,498,14282

13940,773,634,762,643,129889,498,14282
13960,766,641,755,651,130462,498,14282
13980,760,649,749,658,131035,498,14282

14000,753,657,742,666,131608,498,14282

14020,747,664,736,673,132181,498,14282
14040,740,671,729,680,132754,498,14282
14060,733,679,722,688,133327,498,14282
14080,726,686,715,695,133900,498,14282

14100,720,693,708,702,134473,498,14282

14120,713,701,701,709,135046,498,14282
14140,706,708,694,716,135619,498,14282
14160,698,715,687,723,136192,498,14282
14180,691,722,679,730,136765,498,14282

14200,684,729,672,737,137338,498,14282
14220,677,735,665,743,137911,498,14282
14240,669,742,657,750,138483,498,14282
14260,662,749,650,756,139056,498,14282
14280,654,755,642,763,139629,498,14282

14300,647,762,634,769,140202,498,14282
14320,639,768,627,776,140775,498,14282
14340,631,775,619,782,141348,498,14282
14360,624,781,611,788,141921,498,14282
14380,616,787,603,794,142494,498,14282

14400,608,793,595,800,143067,498,14282
14420,600,799,587,806,143640,498,14282
14440,592,805,579,812,144213,498,14282
14460,584,811,571,818,144786,498,14282
14480,576,817,563,823,145359,498,14282

14500,567,823,554,829,145932,498,14282
14520,559,828,546,834,146505,498,14282
14540,551,834,538,840,147078,498,14282
14560,542,839,529,845,147651,498,14282
14580,534,845,521,850,148224,498,14282

14600,526,850,512,855,148797,498,14282
14620,517,855,504,861,149370,498,14282
14640,508,860,495,866,149943,498,14282
14660,500,865,486,870,150516,498,14282
14680,491,870,477,875,151089,498,14282

14700,482,875,469,880,151662,498,14282
14720,474,880,460,885,152235,498,14282
14740,465,885,451,889,152808,498,14282
14760,456,889,442,894,153381,498,14282
14780,447,894,433,898,153954,498,14282

14800,438,898,424,902,154527,498,14282
14820,429,903,415,907,155100,498,14282
14840,420,907,406,911,155673,498,14282
14860,411,911,397,915,156246,498,14282
14880,402,915,388,919,156819,498,14282

14900,393,919,378,922,157392,498,14282
14920,383,923,369,926,157964,498,14282
14940,374,927,360,930,158537,498,14282
14960,365,930,351,933,159110,498,14282
14980,355,934,341,937,159683,498,14282

15000,346,938,332,940,160256,498,14282
15020,337,941,322,944,160829,498,14282
15040,327,944,313,947,161402,498,14282
15060,318,948,303,950,161975,498,14282
15080,308,951,294,953,162548,498,14282

15100,299,954,284,956,163121,498,14282
15120,289,957,275,959,163694,498,14282
15140,280,959,265,961,164267,498,14282
15160,270,962,256,964,164840,498,14282
15180,260,965,246,966,165413,498,14282

15200,251,967,236,969,165986,498,14282
15220,241,970,227,971,166559,498,14282
15240,231,972,217,973,167132,498,14282
15260,222,975,207,975,167705,498,14282
15280,212,977,197,977,168278,498,14282

15300,202,979,188,979,168851,498,14282
15320,192,981,178,981,169424,498,14282
15340,182,983,168,983,169997,498,14282
15360,173,984,158,985,170570,498,14282
15380,163,986,148,986,171143,498,14282

15400,153,988,138,988,171716,498,14282
15420,143,989,128,989,172289,498,14282
15440,133,991,119,990,172862,498,14282
15460,123,992,109,991,173435,498,14282
15480,113,993,99,992,174008,498,14282

15500,103,994,89,993,174581,498,14282
15520,93,995,79,994,175154,498,14282
15540,83,996,69,995,175727,498,14282
15560,73,997,59,995,176300,498,14282

15580,63,997,49,996,176873,498,14282

15600,53,998,39,996,177446,498,14282
15620,43,999,29,997,178018,498,14282
15640,33,999,19,997,178591,498,14282
15660,23,999,9,997,179164,498,14282

15680,13,999,0,997,179737,498,14282

15700,3,999,-10,997,-179689,498,14282
15720,-6,999,-20,997,-179116,498,14282
15740,-16,999,-30,997,-178543,498,14282
15760,-26,999,-40,996,-177970,498,14282

15780,-36,999,-50,996,-177397,498,14282

15800,-46,998,-60,995,-176824,498,14282
15820,-56,998,-70,995,-176251,498,14282
15840,-66,997,-80,994,-175678,498,14282

15860,-76,997,-90,993,-175105,498,14282
15880,-85,996,-100,992,-174532,498,14282

15900,-95,995,-109,991,-173959,498,14282
15920,-105,994,-119,990,-173386,498,14282
15940,-115,993,-129,989,-172813,498,14282

15960,-125,992,-139,987,-172240,498,14282
15980,-135,990,-149,986,-171667,498,14282

16000,-145,989,-159,984,-171094,498,14282
16020,-155,987,-169,983,-170521,498,14282

16040,-165,986,-179,981,-169948,498,14282
16060,-175,984,-188,979,-169375,498,14282
16080,-185,982,-198,977,-168802,498,14282

16100,-194,980,-208,975,-168229,498,14282
16120,-204,978,-218,973,-167656,498,14282

16140,-214,976,-227,971,-167083,498,14282
16160,-224,974,-237,969,-166510,498,14282
16180,-233,972,-247,966,-165937,498,14282

16200,-243,969,-256,964,-165364,498,14282

16220,-253,967,-266,961,-164791,498,14282
16240,-262,964,-276,958,-164218,498,14282
16260,-272,962,-285,955,-163646,498,14282
16280,-282,959,-295,953,-163073,498,14282

16300,-291,956,-304,950,-162500,498,14282

16320,-301,953,-314,946,-161927,498,14282
16340,-310,950,-323,943,-161354,498,14282
16360,-320,947,-333,940,-160781,498,14282
16380,-329,944,-342,937,-160208,498,14282

16400,-339,940,-351,933,-159635,498,14282

16420,-348,937,-361,930,-159062,498,14282
16440,-357,933,-370,926,-158489,498,14282
16460,-367,930,-379,922,-157916,498,14282
16480,-376,926,-388,918,-157343,498,14282

16500,-385,922,-398,914,-156770,498,14282
16520,-395,918,-407,910,-156197,498,14282
16540,-404,914,-416,906,-155624,498,14282
16560,-413,910,-425,902,-155051,498,14282
16580,-422,906,-434,898,-154478,498,14282

16600,-431,902,-443,893,-153905,498,14282
16620,-440,897,-452,889,-153332,498,14282
16640,-449,893,-461,884,-152759,498,14282
16660,-458,888,-469,880,-152186,498,14282
16680,-467,884,-478,875,-151613,498,14282

16700,-476,879,-487,870,-151040,498,14282
16720,-484,874,-496,865,-150467,498,14282
16740,-493,869,-504,860,-149894,498,14282
16760,-502,864,-513,855,-149321,498,14282
16780,-510,859,-521,850,-148748,498,14282

16800,-519,854,-530,845,-148175,498,14282
16820,-527,849,-538,839,-147602,498,14282
16840,-536,843,-547,834,-147029,498,14282
16860,-544,838,-555,828,-146456,498,14282
16880,-553,833,-563,823,-145883,498,14282

16900,-561,827,-571,817,-145310,498,14282
16920,-569,821,-580,811,-144737,498,14282
16940,-577,816,-588,805,-144165,498,14282
16960,-586,810,-596,800,-143592,498,14282
16980,-594,804,-604,794,-143019,498,14282
